,CodigoEstacion,NombreEstacion,Latitud,Longitud,Altitud,Categoria,Entidad,AreaOperativa,Departamento,Municipio,FechaInstalacion,FechaSuspension,IdParametro,Etiqueta,DescripcionSerie,Frecuencia,Fecha,Valor,Grado,Calificador,NivelAprobacion,SatValue,SatDesc
964,21200080,ARRAYAN-SAN FCO  [21200080],4.583333333,-74.03333333,3047,Pluviométrica,EMPRESA DE ACUEDUCTO Y ALCANTARILLADO DE BOGOTA E.S.P,Area Operativa 11 - Cundinamarca-Amazonas,Bogota,"Bogota, D.C",1925-01-15,,PRECIPITACION,PTPM_TT_M,Precipitación total mensual,Mensual,1988-06-01,12.5,50,,900,85.0278,chirps-v2.0.1988.06.tif
1407,21205690,CAMAVIEJA  [21205690],4.616666667,-74.1,2680,Climática Ordinaria,EMPRESA DE ACUEDUCTO Y ALCANTARILLADO DE BOGOTA E.S.P,Area Operativa 11 - Cundinamarca-Amazonas,Bogota,"Bogota, D.C",1957-11-15,,PRECIPITACION,PTPM_TT_M,Precipitación total mensual,Mensual,1988-06-01,34.3,50,,900,85.58591,chirps-v2.0.1988.06.tif
2163,21200320,GRANIZO  [21200320],4.616666667,-74.05,3125,Pluviométrica,EMPRESA DE ACUEDUCTO Y ALCANTARILLADO DE BOGOTA E.S.P,Area Operativa 11 - Cundinamarca-Amazonas,Bogota,"Bogota, D.C",1947-09-15,,PRECIPITACION,PTPM_TT_M,Precipitación total mensual,Mensual,1988-06-01,78.4,50,,900,76.19033,chirps-v2.0.1988.06.tif
4719,21200240,VERJON EL  [21200240],4.583333333,-74.01666667,3250,Pluviométrica,EMPRESA DE ACUEDUCTO Y ALCANTARILLADO DE BOGOTA E.S.P,Area Operativa 11 - Cundinamarca-Amazonas,Bogota,"Bogota, D.C",1946-02-15,,PRECIPITACION,PTPM_TT_M,Precipitación total mensual,Mensual,1988-06-01,165.0,50,,900,85.0278,chirps-v2.0.1988.06.tif
5632,21201730,CAMPOBELLO  [21201730],4.766666667,-74.36666667,2490,Pluviométrica,CORPORACION AUTONOMA REGIONAL DE CUNDINAMARCA,Area Operativa 11 - Cundinamarca-Amazonas,Cundinamarca,Madrid,1985-07-15,,PRECIPITACION,PTPM_TT_M,Precipitación total mensual,Mensual,1988-06-01,66.4,50,,900,93.18026,chirps-v2.0.1988.06.tif
6722,23065070,ESC VOCACIONAL  [23065070],5.166666667,-74.2,1940,Climática Ordinaria,CORPORACION AUTONOMA REGIONAL DE CUNDINAMARCA,Area Operativa 11 - Cundinamarca-Amazonas,Cundinamarca,Pacho,1966-06-15,,PRECIPITACION,PTPM_TT_M,Precipitación total mensual,Mensual,1988-06-01,141.0,50,,900,127.0527,chirps-v2.0.1988.06.tif
7053,21200830,GRANJAS LAS  [21200830],4.466666667,-74.43333333,1400,Pluviométrica,FEDERACION NACIONAL DE CAFETEROS,Area Operativa 11 - Cundinamarca-Amazonas,Cundinamarca,El Colegio,1961-04-15,,PRECIPITACION,PTPM_TT_M,Precipitación total mensual,Mensual,1988-06-01,125.0,50,,900,132.27797,chirps-v2.0.1988.06.tif
7405,24010300,HATILLO EL  [24010300],5.166666667,-73.8,2885,Pluviométrica,CORPORACION AUTONOMA REGIONAL DE CUNDINAMARCA,Area Operativa 11 - Cundinamarca-Amazonas,Cundinamarca,Suesca,1960-08-15,,PRECIPITACION,PTPM_TT_M,Precipitación total mensual,Mensual,1988-06-01,56.0,50,,900,86.805954,chirps-v2.0.1988.06.tif
7439,21201700,LLANO EL  [21201700],5.183333333,-73.83333333,2850,Pluviográfica,CORPORACION AUTONOMA REGIONAL DE CUNDINAMARCA,Area Operativa 11 - Cundinamarca-Amazonas,Cundinamarca,Suesca,1988-03-15,,PRECIPITACION,PTPM_TT_M,Precipitación total mensual,Mensual,1988-06-01,57.7,50,,900,86.805954,chirps-v2.0.1988.06.tif
7747,21200880,SALITRE EL - NEUSA  [21200880],5.183333333,-74.0,3140,Pluviográfica,CORPORACION AUTONOMA REGIONAL DE CUNDINAMARCA,Area Operativa 11 - Cundinamarca-Amazonas,Cundinamarca,Tausa,1955-04-15,,PRECIPITACION,PTPM_TT_M,Precipitación total mensual,Mensual,1988-06-01,96.5,50,,900,98.15502,chirps-v2.0.1988.06.tif
8178,21205650,TABIO  [21205650],4.766666667,-73.93333333,2620,Climática Principal,CORPORACION AUTONOMA REGIONAL DE CUNDINAMARCA,Area Operativa 11 - Cundinamarca-Amazonas,Cundinamarca,Tabio,1970-07-15,,PRECIPITACION,PTPM_TT_M,Precipitación total mensual,Mensual,1988-06-01,127.4,50,,900,126.18323,chirps-v2.0.1988.06.tif
8439,21206400,VICTORIA LA  [21206400],4.466666667,-74.6,380,Climática Principal,CORPORACION AUTONOMA REGIONAL DE CUNDINAMARCA,Area Operativa 10 - Tolima,Cundinamarca,Tocaima,1986-12-15,,PRECIPITACION,PTPM_TT_M,Precipitación total mensual,Mensual,1988-06-01,125.5,50,,900,118.64551,chirps-v2.0.1988.06.tif
9107,21200430,VILLAPINZON  [21200430],5.2,-73.6,2700,Pluviográfica,CORPORACION AUTONOMA REGIONAL DE CUNDINAMARCA,Area Operativa 11 - Cundinamarca-Amazonas,Cundinamarca,Villapinzón,1951-07-15,,PRECIPITACION,PTPM_TT_M,Precipitación total mensual,Mensual,1988-06-01,76.6,50,,900,90.28062,chirps-v2.0.1988.06.tif
9340,21201680,ALTO DE AIRE  [21201680],5.216666667,-73.8,2900,Pluviográfica,CORPORACION AUTONOMA REGIONAL DE CUNDINAMARCA,Area Operativa 11 - Cundinamarca-Amazonas,Cundinamarca,Cucunubá,1986-09-15,,PRECIPITACION,PTPM_TT_M,Precipitación total mensual,Mensual,1988-06-01,50.2,50,,900,81.04691,chirps-v2.0.1988.06.tif
9696,24015150,CARRIZAL  [24015150],5.2,-73.76666667,2860,Climática Ordinaria,CORPORACION AUTONOMA REGIONAL DE CUNDINAMARCA,Area Operativa 11 - Cundinamarca-Amazonas,Cundinamarca,Cucunubá,1960-08-15,,PRECIPITACION,PTPM_TT_M,Precipitación total mensual,Mensual,1988-06-01,63.0,50,,900,78.623604,chirps-v2.0.1988.06.tif
9864,24010550,HATO 4 EL  [24010550],5.216666667,-73.95,3465,Pluviométrica,CORPORACION AUTONOMA REGIONAL DE CUNDINAMARCA,Area Operativa 11 - Cundinamarca-Amazonas,Cundinamarca,Carmen De Carupa,1972-10-15,,PRECIPITACION,PTPM_TT_M,Precipitación total mensual,Mensual,1988-06-01,140.0,50,,900,91.204765,chirps-v2.0.1988.06.tif
10032,24010560,HATO 5 EL  [24010560],5.216666667,-73.95,3360,Pluviométrica,CORPORACION AUTONOMA REGIONAL DE CUNDINAMARCA,Area Operativa 11 - Cundinamarca-Amazonas,Cundinamarca,Carmen De Carupa,1972-10-15,,PRECIPITACION,PTPM_TT_M,Precipitación total mensual,Mensual,1988-06-01,284.0,50,,900,91.204765,chirps-v2.0.1988.06.tif
10200,24010570,HATO 6 EL  [24010570],5.233333333,-73.93333333,3105,Pluviométrica,CORPORACION AUTONOMA REGIONAL DE CUNDINAMARCA,Area Operativa 11 - Cundinamarca-Amazonas,Cundinamarca,Carmen De Carupa,1972-10-15,,PRECIPITACION,PTPM_TT_M,Precipitación total mensual,Mensual,1988-06-01,79.0,50,,900,92.74306,chirps-v2.0.1988.06.tif
10368,24010580,HATO 7 EL  [24010580],5.233333333,-73.91666667,3271,Pluviométrica,CORPORACION AUTONOMA REGIONAL DE CUNDINAMARCA,Area Operativa 11 - Cundinamarca-Amazonas,Cundinamarca,Carmen De Carupa,1972-10-15,,PRECIPITACION,PTPM_TT_M,Precipitación total mensual,Mensual,1988-06-01,116.0,50,,900,92.74306,chirps-v2.0.1988.06.tif
10428,21201740,MANJUI  [21201740],4.8,-74.38333333,3260,Pluviométrica,CORPORACION AUTONOMA REGIONAL DE CUNDINAMARCA,Area Operativa 11 - Cundinamarca-Amazonas,Cundinamarca,Facatativá,1963-04-15,,PRECIPITACION,PTPM_TT_M,Precipitación total mensual,Mensual,1988-06-01,55.5,50,,900,114.349144,chirps-v2.0.1988.06.tif
10648,24010490,PEDREGAL EL  [24010490],5.233333333,-73.86666667,2900,Pluviométrica,CORPORACION AUTONOMA REGIONAL DE CUNDINAMARCA,Area Operativa 11 - Cundinamarca-Amazonas,Cundinamarca,Sutatausa,1966-08-15,,PRECIPITACION,PTPM_TT_M,Precipitación total mensual,Mensual,1988-06-01,34.0,50,,900,85.37931,chirps-v2.0.1988.06.tif
10816,23120190,PINOS LOS  [23120190],5.233333333,-74.03333333,3477,Pluviométrica,CORPORACION AUTONOMA REGIONAL DE CUNDINAMARCA,Area Operativa 11 - Cundinamarca-Amazonas,Cundinamarca,Tausa,1972-12-15,,PRECIPITACION,PTPM_TT_M,Precipitación total mensual,Mensual,1988-06-01,92.0,50,,900,97.46744,chirps-v2.0.1988.06.tif
11104,21200690,TESORO-VERTIENTES  [21200690],4.8,-74.31666667,2610,Pluviométrica,CORPORACION AUTONOMA REGIONAL DE CUNDINAMARCA,Area Operativa 11 - Cundinamarca-Amazonas,Cundinamarca,Facatativá,1931-08-15,,PRECIPITACION,PTPM_TT_M,Precipitación total mensual,Mensual,1988-06-01,110.0,50,,900,111.28985,chirps-v2.0.1988.06.tif
11833,21201120,CASITA LA  [21201120],4.633333333,-74.01666667,3045,Pluviométrica,CORPORACION AUTONOMA REGIONAL DE CUNDINAMARCA,Area Operativa 11 - Cundinamarca-Amazonas,Cundinamarca,La Calera,1973-03-15,,PRECIPITACION,PTPM_TT_M,Precipitación total mensual,Mensual,1988-06-01,0.0,50,,900,62.22439,chirps-v2.0.1988.06.tif
12693,23060060,ICALI  [23060060],4.95,-74.41666667,1380,Pluviométrica,FEDERACION NACIONAL DE CAFETEROS,Area Operativa 11 - Cundinamarca-Amazonas,Cundinamarca,Sasaima,1965-03-15,,PRECIPITACION,PTPM_TT_M,Precipitación total mensual,Mensual,1988-06-01,0.0,50,,900,104.6354,chirps-v2.0.1988.06.tif
13023,21201040,TOCANCIPA  [21201040],4.966666667,-73.91666667,2549,Pluviométrica,CORPORACION AUTONOMA REGIONAL DE CUNDINAMARCA,Area Operativa 11 - Cundinamarca-Amazonas,Cundinamarca,Tocancipá,1970-11-15,,PRECIPITACION,PTPM_TT_M,Precipitación total mensual,Mensual,1988-06-01,76.0,50,,900,99.22979,chirps-v2.0.1988.06.tif
13262,23060050,TRIANGULO EL  [23060050],4.966666667,-74.43333333,1500,Pluviométrica,FEDERACION NACIONAL DE CAFETEROS,Area Operativa 11 - Cundinamarca-Amazonas,Cundinamarca,Sasaima,1956-12-15,,PRECIPITACION,PTPM_TT_M,Precipitación total mensual,Mensual,1988-06-01,226.0,50,,900,104.6354,chirps-v2.0.1988.06.tif
13692,21200960,CONSUELO EL  [21200960],4.983333333,-73.78333333,2960,Pluviográfica,CORPORACION AUTONOMA REGIONAL DE CUNDINAMARCA,Area Operativa 11 - Cundinamarca-Amazonas,Cundinamarca,Sesquilé,1967-03-15,,PRECIPITACION,PTPM_TT_M,Precipitación total mensual,Mensual,1988-06-01,96.0,50,,900,110.10149,chirps-v2.0.1988.06.tif
13827,21201330,LOCAL EL  [21201330],4.983333333,-73.7,2950,Pluviográfica,CORPORACION AUTONOMA REGIONAL DE CUNDINAMARCA,Area Operativa 11 - Cundinamarca-Amazonas,Cundinamarca,Sesquilé,1980-06-15,,PRECIPITACION,PTPM_TT_M,Precipitación total mensual,Mensual,1988-06-01,81.1,50,,900,123.400185,chirps-v2.0.1988.06.tif
13887,21206390,MESA LA  [21206390],4.633333333,-74.43333333,1300,Climática Principal,CORPORACION AUTONOMA REGIONAL DE CUNDINAMARCA,Area Operativa 11 - Cundinamarca-Amazonas,Cundinamarca,La Mesa,1985-09-15,,PRECIPITACION,PTPM_TT_M,Precipitación total mensual,Mensual,1988-06-01,178.4,50,,900,121.371086,chirps-v2.0.1988.06.tif
14277,21200440,PRADERA LA  [21200440],5.0,-74.13333333,2703,Pluviométrica,CORPORACION AUTONOMA REGIONAL DE CUNDINAMARCA,Area Operativa 11 - Cundinamarca-Amazonas,Cundinamarca,Subachoque,1951-09-15,,PRECIPITACION,PTPM_TT_M,Precipitación total mensual,Mensual,1988-06-01,184.0,50,,900,111.82655,chirps-v2.0.1988.06.tif
14636,21200800,SAN JOSE  [21200800],4.983333333,-73.9,2700,Pluviográfica,CORPORACION AUTONOMA REGIONAL DE CUNDINAMARCA,Area Operativa 11 - Cundinamarca-Amazonas,Cundinamarca,Guasca,1960-10-15,,PRECIPITACION,PTPM_TT_M,Precipitación total mensual,Mensual,1988-06-01,78.4,50,,900,99.22979,chirps-v2.0.1988.06.tif
15129,21201760,STA ISABEL  [21201760],4.983333333,-74.06666667,2680,Pluviométrica,CORPORACION AUTONOMA REGIONAL DE CUNDINAMARCA,Area Operativa 11 - Cundinamarca-Amazonas,Cundinamarca,Tabio,1968-05-15,,PRECIPITACION,PTPM_TT_M,Precipitación total mensual,Mensual,1988-06-01,0.0,50,,900,95.071175,chirps-v2.0.1988.06.tif
16019,21200740,ZIPAQUIRA  [21200740],5.016666667,-74.0,2655,Pluviográfica,CORPORACION AUTONOMA REGIONAL DE CUNDINAMARCA,Area Operativa 11 - Cundinamarca-Amazonas,Cundinamarca,Zipaquirá,1960-02-15,,PRECIPITACION,PTPM_TT_M,Precipitación total mensual,Mensual,1988-06-01,50.0,50,,900,114.347084,chirps-v2.0.1988.06.tif
16699,21205480,IBERIA LA  [21205480],5.033333333,-73.71666667,2760,Climática Principal,CORPORACION AUTONOMA REGIONAL DE CUNDINAMARCA,Area Operativa 11 - Cundinamarca-Amazonas,Cundinamarca,Chocontá,1955-08-15,,PRECIPITACION,PTPM_TT_M,Precipitación total mensual,Mensual,1988-06-01,92.9,50,,900,99.666145,chirps-v2.0.1988.06.tif
17104,21206080,MESITAS D STA INES  [21206080],4.666666667,-74.46666667,1250,Climática Ordinaria,FEDERACION NACIONAL DE CAFETEROS,Area Operativa 11 - Cundinamarca-Amazonas,Cundinamarca,Cachipay,1966-01-15,,PRECIPITACION,PTPM_TT_M,Precipitación total mensual,Mensual,1988-06-01,119.9,50,,900,120.60478,chirps-v2.0.1988.06.tif
17613,21200380,PANTANO REDONDO 2  [21200380],5.033333333,-74.03333333,3000,Pluviográfica,ESTACIONES PARTICULARES,Area Operativa 11 - Cundinamarca-Amazonas,Cundinamarca,Zipaquirá,1950-08-15,,PRECIPITACION,PTPM_TT_M,Precipitación total mensual,Mensual,1988-06-01,0.0,50,,900,114.347084,chirps-v2.0.1988.06.tif
17956,21201370,REFUGIO EL  [21201370],4.65,-74.46666667,1250,Pluviométrica,FEDERACION NACIONAL DE CAFETEROS,Area Operativa 11 - Cundinamarca-Amazonas,Cundinamarca,La Mesa,1977-08-15,,PRECIPITACION,PTPM_TT_M,Precipitación total mensual,Mensual,1988-06-01,121.0,50,,900,120.60478,chirps-v2.0.1988.06.tif
18085,21201030,STA TERESA  [21201030],4.666666667,-73.93333333,3080,Pluviográfica,CORPORACION AUTONOMA REGIONAL DE CUNDINAMARCA,Area Operativa 11 - Cundinamarca-Amazonas,Cundinamarca,La Calera,1970-09-15,,PRECIPITACION,PTPM_TT_M,Precipitación total mensual,Mensual,1988-06-01,84.6,50,,900,142.00833,chirps-v2.0.1988.06.tif
18514,21201410,ACANDY  [21201410],5.05,-73.88333333,2600,Pluviométrica,CORPORACION AUTONOMA REGIONAL DE CUNDINAMARCA,Area Operativa 11 - Cundinamarca-Amazonas,Cundinamarca,Nemocón,1977-10-15,,PRECIPITACION,PTPM_TT_M,Precipitación total mensual,Mensual,1988-06-01,55.0,50,,900,96.944305,chirps-v2.0.1988.06.tif
18790,21201870,BOMBAS SESQUILE  [21201870],5.05,-73.8,2600,Pluviográfica,CORPORACION AUTONOMA REGIONAL DE CUNDINAMARCA,Area Operativa 11 - Cundinamarca-Amazonas,Cundinamarca,Sesquilé,1984-01-15,,PRECIPITACION,PTPM_TT_M,Precipitación total mensual,Mensual,1988-06-01,57.7,50,,900,96.449745,chirps-v2.0.1988.06.tif
20060,21200260,VENTALARGA  [21200260],5.066666667,-74.05,3062,Pluviográfica,CORPORACION AUTONOMA REGIONAL DE CUNDINAMARCA,Area Operativa 11 - Cundinamarca-Amazonas,Cundinamarca,Zipaquirá,1947-06-15,,PRECIPITACION,PTPM_TT_M,Precipitación total mensual,Mensual,1988-06-01,173.7,50,,900,113.03568,chirps-v2.0.1988.06.tif
20417,21201830,DARIO VALENCIA  [21201830],4.6,-74.45,790,Pluviométrica,CORPORACION AUTONOMA REGIONAL DE CUNDINAMARCA,Area Operativa 11 - Cundinamarca-Amazonas,Cundinamarca,El Colegio,1987-11-15,,PRECIPITACION,PTPM_TT_M,Precipitación total mensual,Mensual,1988-06-01,113.3,50,,900,146.00322,chirps-v2.0.1988.06.tif
20729,21201660,FUTE  [21201660],4.6,-74.28333333,2607,Pluviográfica,CORPORACION AUTONOMA REGIONAL DE CUNDINAMARCA,Area Operativa 11 - Cundinamarca-Amazonas,Cundinamarca,Soacha,1959-09-15,,PRECIPITACION,PTPM_TT_M,Precipitación total mensual,Mensual,1988-06-01,97.5,50,,900,90.41418,chirps-v2.0.1988.06.tif
21137,24010520,HATO 1 EL  [24010520],5.283333333,-73.91666667,2985,Pluviométrica,CORPORACION AUTONOMA REGIONAL DE CUNDINAMARCA,Area Operativa 11 - Cundinamarca-Amazonas,Cundinamarca,Carmen De Carupa,1972-10-15,,PRECIPITACION,PTPM_TT_M,Precipitación total mensual,Mensual,1988-06-01,103.0,50,,900,92.551,chirps-v2.0.1988.06.tif
21497,24010350,HATO EL  [24010350],5.283333333,-73.9,2900,Pluviográfica,CORPORACION AUTONOMA REGIONAL DE CUNDINAMARCA,Area Operativa 11 - Cundinamarca-Amazonas,Cundinamarca,Carmen De Carupa,1962-10-15,,PRECIPITACION,PTPM_TT_M,Precipitación total mensual,Mensual,1988-06-01,73.2,50,,900,92.551,chirps-v2.0.1988.06.tif
21873,21200710,MARGARITAS LAS  [21200710],4.833333333,-74.25,2606,Pluviométrica,CORPORACION AUTONOMA REGIONAL DE CUNDINAMARCA,Area Operativa 11 - Cundinamarca-Amazonas,Cundinamarca,Subachoque,1959-08-15,,PRECIPITACION,PTPM_TT_M,Precipitación total mensual,Mensual,1988-06-01,153.0,50,,900,106.72893,chirps-v2.0.1988.06.tif
22289,24010280,TAPIAS  [24010280],5.3,-73.71666667,2585,Pluviográfica,CORPORACION AUTONOMA REGIONAL DE CUNDINAMARCA,Area Operativa 11 - Cundinamarca-Amazonas,Cundinamarca,Lenguazaque,1960-03-15,,PRECIPITACION,PTPM_TT_M,Precipitación total mensual,Mensual,1988-06-01,57.5,50,,900,57.379227,chirps-v2.0.1988.06.tif
22430,21201750,CHARQUITO  [21201750],4.55,-74.28333333,2550,Pluviométrica,CORPORACION AUTONOMA REGIONAL DE CUNDINAMARCA,Area Operativa 11 - Cundinamarca-Amazonas,Cundinamarca,Soacha,1988-01-15,,PRECIPITACION,PTPM_TT_M,Precipitación total mensual,Mensual,1988-06-01,435.5,50,,900,99.27657,chirps-v2.0.1988.06.tif
22475,21206410,ESC SAMPER MADRID  [21206410],4.516666667,-74.58333333,550,Climática Principal,CORPORACION AUTONOMA REGIONAL DE CUNDINAMARCA,Area Operativa 11 - Cundinamarca-Amazonas,Cundinamarca,Apulo,1987-03-15,,PRECIPITACION,PTPM_TT_M,Precipitación total mensual,Mensual,1988-06-01,146.7,50,,900,122.73515,chirps-v2.0.1988.06.tif
23325,24015190,NOVILLEROS  [24015190],5.333333333,-73.78333333,2550,Climática Ordinaria,CORPORACION AUTONOMA REGIONAL DE CUNDINAMARCA,Area Operativa 11 - Cundinamarca-Amazonas,Cundinamarca,Ubaté,1965-12-15,,PRECIPITACION,PTPM_TT_M,Precipitación total mensual,Mensual,1988-06-01,116.5,50,,900,53.483856,chirps-v2.0.1988.06.tif
23517,23060040,PARAISO EL  [23060040],5.316666667,-74.48333333,1450,Pluviométrica,FEDERACION NACIONAL DE CAFETEROS,Area Operativa 11 - Cundinamarca-Amazonas,Cundinamarca,Caparrapí,1982-01-15,,PRECIPITACION,PTPM_TT_M,Precipitación total mensual,Mensual,1988-06-01,109.0,50,,900,133.06252,chirps-v2.0.1988.06.tif
23670,21201260,PORVENIR EL  [21201260],4.55,-74.31666667,1350,Pluviométrica,FEDERACION NACIONAL DE CAFETEROS,Area Operativa 11 - Cundinamarca-Amazonas,Cundinamarca,El Colegio,1952-02-15,,PRECIPITACION,PTPM_TT_M,Precipitación total mensual,Mensual,1988-06-01,179.4,50,,900,99.342155,chirps-v2.0.1988.06.tif
24003,21205570,PRIMAVERA LA  [21205570],4.85,-74.21666667,2590,Climática Principal,CORPORACION AUTONOMA REGIONAL DE CUNDINAMARCA,Area Operativa 11 - Cundinamarca-Amazonas,Cundinamarca,Subachoque,1965-06-15,,PRECIPITACION,PTPM_TT_M,Precipitación total mensual,Mensual,1988-06-01,99.1,50,,900,84.85529,chirps-v2.0.1988.06.tif
24211,21230080,SAN JUAN  [21230080],4.85,-74.66666667,1300,Pluviométrica,FEDERACION NACIONAL DE CAFETEROS,Area Operativa 10 - Tolima,Cundinamarca,San Juan De Rioseco,1982-01-15,,PRECIPITACION,PTPM_TT_M,Precipitación total mensual,Mensual,1988-06-01,50.7,50,,900,103.57712,chirps-v2.0.1988.06.tif
24659,21201130,ALMAVIVA  [21201130],4.866666667,-74.01666667,2595,Pluviométrica,CORPORACION AUTONOMA REGIONAL DE CUNDINAMARCA,Area Operativa 11 - Cundinamarca-Amazonas,Cundinamarca,Chía,1973-04-15,,PRECIPITACION,PTPM_TT_M,Precipitación total mensual,Mensual,1988-06-01,31.0,50,,900,77.9719,chirps-v2.0.1988.06.tif
24786,23060070,CANAIMA  [23060070],5.35,-74.41666667,1550,Pluviométrica,FEDERACION NACIONAL DE CAFETEROS,Area Operativa 11 - Cundinamarca-Amazonas,Cundinamarca,La Palma,1991-01-15,,PRECIPITACION,PTPM_TT_M,Precipitación total mensual,Mensual,1988-06-01,0.0,50,,900,151.63895,chirps-v2.0.1988.06.tif
25902,24010020,CARUPA  [24010020],5.35,-73.9,2960,Pluviográfica,CORPORACION AUTONOMA REGIONAL DE CUNDINAMARCA,Area Operativa 11 - Cundinamarca-Amazonas,Cundinamarca,Carmen De Carupa,1961-10-15,,PRECIPITACION,PTPM_TT_M,Precipitación total mensual,Mensual,1988-06-01,68.0,50,,900,95.74869,chirps-v2.0.1988.06.tif
26196,21205610,MUNA  [21205610],4.55,-74.25,2565,Climática Principal,CORPORACION AUTONOMA REGIONAL DE CUNDINAMARCA,Area Operativa 11 - Cundinamarca-Amazonas,Cundinamarca,Sibaté,1966-07-15,,PRECIPITACION,PTPM_TT_M,Precipitación total mensual,Mensual,1988-06-01,98.4,50,,900,99.27657,chirps-v2.0.1988.06.tif
26255,21201820,PENAS BLANCAS  [21201820],4.55,-74.38333333,2450,Pluviográfica,CORPORACION AUTONOMA REGIONAL DE CUNDINAMARCA,Area Operativa 11 - Cundinamarca-Amazonas,Cundinamarca,El Colegio,1988-02-15,,PRECIPITACION,PTPM_TT_M,Precipitación total mensual,Mensual,1988-06-01,166.4,50,,900,122.40699,chirps-v2.0.1988.06.tif
26702,21200550,UNION LA-EL ROSAL  [21200550],4.866666667,-74.25,2725,Pluviométrica,CORPORACION AUTONOMA REGIONAL DE CUNDINAMARCA,Area Operativa 11 - Cundinamarca-Amazonas,Cundinamarca,Subachoque,1960-01-15,,PRECIPITACION,PTPM_TT_M,Precipitación total mensual,Mensual,1988-06-01,84.0,50,,900,97.05035,chirps-v2.0.1988.06.tif
27116,21206290,VENECIA  [21206290],4.866666667,-74.41666667,2673,Climática Principal,CORPORACION AUTONOMA REGIONAL DE CUNDINAMARCA,Area Operativa 11 - Cundinamarca-Amazonas,Cundinamarca,Facatativá,1986-12-15,,PRECIPITACION,PTPM_TT_M,Precipitación total mensual,Mensual,1988-06-01,59.3,50,,900,126.10416,chirps-v2.0.1988.06.tif
27510,23060220,VIANI  [23060220],4.866666667,-74.55,1500,Pluviométrica,FEDERACION NACIONAL DE CAFETEROS,Area Operativa 11 - Cundinamarca-Amazonas,Cundinamarca,Vianí,1982-01-15,,PRECIPITACION,PTPM_TT_M,Precipitación total mensual,Mensual,1988-06-01,224.0,50,,900,109.539505,chirps-v2.0.1988.06.tif
27611,21201590,ALCO  [21201590],4.9,-74.0,2590,Pluviográfica,CORPORACION AUTONOMA REGIONAL DE CUNDINAMARCA,Area Operativa 11 - Cundinamarca-Amazonas,Cundinamarca,Zipaquirá,1980-06-15,,PRECIPITACION,PTPM_TT_M,Precipitación total mensual,Mensual,1988-06-01,88.9,50,,900,90.22879,chirps-v2.0.1988.06.tif
27959,21200700,ATALA  [21200700],4.4,-74.46666667,1160,Pluviométrica,FEDERACION NACIONAL DE CAFETEROS,Area Operativa 10 - Tolima,Cundinamarca,Viotá,1959-02-15,,PRECIPITACION,PTPM_TT_M,Precipitación total mensual,Mensual,1988-06-01,140.0,4,,900,112.31679,chirps-v2.0.1988.06.tif
28474,21206070,MISIONES  [21206070],4.566666667,-74.3,1540,Climática Ordinaria,FEDERACION NACIONAL DE CAFETEROS,Area Operativa 11 - Cundinamarca-Amazonas,Cundinamarca,El Colegio,1977-02-15,,PRECIPITACION,PTPM_TT_M,Precipitación total mensual,Mensual,1988-06-01,131.9,50,,900,99.342155,chirps-v2.0.1988.06.tif
28858,24010380,PTE EL  [24010380],5.35,-73.66666667,2810,Pluviográfica,CORPORACION AUTONOMA REGIONAL DE CUNDINAMARCA,Area Operativa 11 - Cundinamarca-Amazonas,Cundinamarca,Guachetá,1962-12-15,,PRECIPITACION,PTPM_TT_M,Precipitación total mensual,Mensual,1988-06-01,42.0,50,,900,72.87662,chirps-v2.0.1988.06.tif
29738,21205160,RAMADA LA  [21205160],4.716666667,-74.18333333,2545,Climática Ordinaria,CORPORACION AUTONOMA REGIONAL DE CUNDINAMARCA,Area Operativa 11 - Cundinamarca-Amazonas,Cundinamarca,Funza,1937-12-15,,PRECIPITACION,PTPM_TT_M,Precipitación total mensual,Mensual,1988-06-01,50.6,50,,900,59.10332,chirps-v2.0.1988.06.tif
30365,21205590,APTO GUAYMARAL  [21205590],4.816666667,-74.08333333,2560,Sinóptica Secundaria,CORPORACION AUTONOMA REGIONAL DE CUNDINAMARCA,Area Operativa 11 - Cundinamarca-Amazonas,Bogota,"Bogota, D.C",1965-08-15,,PRECIPITACION,PTPM_TT_M,Precipitación total mensual,Mensual,1988-06-01,84.5,50,,900,74.52885,chirps-v2.0.1988.06.tif
30749,21200850,CISACA  [21200850],4.483333333,-74.08333333,2880,Pluviográfica,CORPORACION AUTONOMA REGIONAL DE CUNDINAMARCA,Area Operativa 11 - Cundinamarca-Amazonas,Bogota,"Bogota, D.C",1962-12-15,,PRECIPITACION,PTPM_TT_M,Precipitación total mensual,Mensual,1988-06-01,6.2,50,,900,127.26461,chirps-v2.0.1988.06.tif
31711,21202120,FONTIBON ACUEDUCTO  [21202120],4.666666667,-74.15,2545,Pluviométrica,EMPRESA DE ACUEDUCTO Y ALCANTARILLADO DE BOGOTA E.S.P,Area Operativa 11 - Cundinamarca-Amazonas,Bogota,"Bogota, D.C",1955-09-15,,PRECIPITACION,PTPM_TT_M,Precipitación total mensual,Mensual,1988-06-01,42.9,50,,900,75.46126,chirps-v2.0.1988.06.tif
32783,21201960,SALITRE CASA BOMBA  [21201960],4.666666667,-74.06666667,2580,Pluviográfica,EMPRESA DE ACUEDUCTO Y ALCANTARILLADO DE BOGOTA E.S.P,Area Operativa 11 - Cundinamarca-Amazonas,Bogota,"Bogota, D.C",1975-01-15,,PRECIPITACION,PTPM_TT_M,Precipitación total mensual,Mensual,1988-06-01,66.5,50,,900,78.01415,chirps-v2.0.1988.06.tif
33650,21200770,TORCA  [21200770],4.783333333,-74.03333333,2579,Pluviométrica,CORPORACION AUTONOMA REGIONAL DE CUNDINAMARCA,Area Operativa 11 - Cundinamarca-Amazonas,Bogota,"Bogota, D.C",1960-02-15,,PRECIPITACION,PTPM_TT_M,Precipitación total mensual,Mensual,1988-06-01,96.3,50,,900,84.995316,chirps-v2.0.1988.06.tif
33926,35030300,SAN JUANITO PVM  [35030300],4.45,-73.51666667,3300,Pluviométrica,EMPRESA DE ACUEDUCTO Y ALCANTARILLADO DE BOGOTA E.S.P,Area Operativa 11 - Cundinamarca-Amazonas,Meta,San Juanito,1997-06-15,,PRECIPITACION,PTPM_TT_M,Precipitación total mensual,Mensual,1988-06-01,130.8,50,,900,450.26996,chirps-v2.0.1988.06.tif
34214,23010140,MESA LA  [23010140],5.183333333,-74.88333333,1200,Pluviométrica,FEDERACION NACIONAL DE CAFETEROS,Area Operativa 10 - Tolima,Tolima,Mariquita,1991-01-15,,PRECIPITACION,PTPM_TT_M,Precipitación total mensual,Mensual,1988-06-01,135.0,50,,900,155.51122,chirps-v2.0.1988.06.tif
40059,21201770,ANCLAJE 14  [21201770],4.6,-74.4,1110,Pluviográfica,CORPORACION AUTONOMA REGIONAL DE CUNDINAMARCA,Area Operativa 11 - Cundinamarca-Amazonas,Bogota,"Bogota, D.C",1987-12-15,,PRECIPITACION,PTPM_TT_M,Precipitación total mensual,Mensual,1988-06-01,107.7,50,,900,121.371086,chirps-v2.0.1988.06.tif
40499,21201150,EDIFICIO M MEJIA  [21201150],4.616666667,-74.08333333,2580,Pluviográfica,CORPORACION AUTONOMA REGIONAL DE CUNDINAMARCA,Area Operativa 11 - Cundinamarca-Amazonas,Bogota,"Bogota, D.C",1981-01-15,,PRECIPITACION,PTPM_TT_M,Precipitación total mensual,Mensual,1988-06-01,65.5,50,,900,76.19033,chirps-v2.0.1988.06.tif
40547,21201980,GUADALUPE  - AUT  [21201980],4.59157,-74.05471,3227,Climática Ordinaria,FONDO DE PREVENCION Y ATENCION DE DESASTRES DE BOGOTA DC - FOPAE,Area Operativa 11 - Cundinamarca-Amazonas,Bogota,"Bogota, D.C",2007-01-09,,PRECIPITACION,PTPM_TT_M,Precipitación total mensual,Mensual,1988-06-01,90.5,50,,900,86.23007,chirps-v2.0.1988.06.tif
41376,21201560,PICOTA LA  [21201560],4.566666667,-74.13333333,2580,Pluviográfica,CORPORACION AUTONOMA REGIONAL DE CUNDINAMARCA,Area Operativa 11 - Cundinamarca-Amazonas,Bogota,"Bogota, D.C",1980-06-15,,PRECIPITACION,PTPM_TT_M,Precipitación total mensual,Mensual,1988-06-01,49.1,50,,900,90.63214,chirps-v2.0.1988.06.tif
42023,21201110,USAQUEN  [21201110],4.683333333,-74.01666667,2647,Pluviométrica,CORPORACION AUTONOMA REGIONAL DE CUNDINAMARCA,Area Operativa 11 - Cundinamarca-Amazonas,Bogota,"Bogota, D.C",1955-06-15,,PRECIPITACION,PTPM_TT_M,Precipitación total mensual,Mensual,1988-06-01,51.0,50,,900,76.05293,chirps-v2.0.1988.06.tif
43138,35020050,CHIPAQUE  [35020050],4.45,-74.05,2850,Pluviográfica,EMPRESA DE ACUEDUCTO Y ALCANTARILLADO DE BOGOTA E.S.P,Area Operativa 11 - Cundinamarca-Amazonas,Cundinamarca,Chipaque,1956-01-15,,PRECIPITACION,PTPM_TT_M,Precipitación total mensual,Mensual,1988-06-01,106.5,50,,900,127.26461,chirps-v2.0.1988.06.tif
43596,35020390,MUNDONUEVO  [35020390],4.683333333,-73.86666667,2400,Pluviométrica,EMPRESA DE ACUEDUCTO Y ALCANTARILLADO DE BOGOTA E.S.P,Area Operativa 11 - Cundinamarca-Amazonas,Cundinamarca,La Calera,1971-01-15,,PRECIPITACION,PTPM_TT_M,Precipitación total mensual,Mensual,1988-06-01,225.4,50,,900,172.33366,chirps-v2.0.1988.06.tif
43869,35030230,PARRADOS SAN ISIDR  [35030230],4.383333333,-73.76666667,3500,Pluviométrica,EMPRESA DE ACUEDUCTO Y ALCANTARILLADO DE BOGOTA E.S.P,Area Operativa 11 - Cundinamarca-Amazonas,Cundinamarca,Fómeque,1987-05-15,,PRECIPITACION,PTPM_TT_M,Precipitación total mensual,Mensual,1988-06-01,130.8,50,,900,354.31537,chirps-v2.0.1988.06.tif
44799,21200110,SAN RAFAEL 1  [21200110],4.7,-73.98333333,2750,Pluviométrica,EMPRESA DE ACUEDUCTO Y ALCANTARILLADO DE BOGOTA E.S.P,Area Operativa 11 - Cundinamarca-Amazonas,Cundinamarca,La Calera,1933-05-15,,PRECIPITACION,PTPM_TT_M,Precipitación total mensual,Mensual,1988-06-01,58.8,50,,900,94.17876,chirps-v2.0.1988.06.tif
45713,35020420,UNE  [35020420],4.4,-74.01666667,2430,Pluviométrica,EMPRESA DE ACUEDUCTO Y ALCANTARILLADO DE BOGOTA E.S.P,Area Operativa 11 - Cundinamarca-Amazonas,Cundinamarca,Une,1947-01-15,,PRECIPITACION,PTPM_TT_M,Precipitación total mensual,Mensual,1988-06-01,97.1,50,,900,146.74368,chirps-v2.0.1988.06.tif
46520,35035040,CHINGAZA  [35035040],4.483333333,-73.9,2999,Climática Ordinaria,EMPRESA DE ACUEDUCTO Y ALCANTARILLADO DE BOGOTA E.S.P,Area Operativa 11 - Cundinamarca-Amazonas,Cundinamarca,Fómeque,1968-01-15,,PRECIPITACION,PTPM_TT_M,Precipitación total mensual,Mensual,1988-06-01,176.0,4,,900,227.96594,chirps-v2.0.1988.06.tif
47023,35020240,CHOACHI  [35020240],4.533333333,-73.93333333,1950,Pluviográfica,EMPRESA DE ACUEDUCTO Y ALCANTARILLADO DE BOGOTA E.S.P,Area Operativa 11 - Cundinamarca-Amazonas,Cundinamarca,Choachí,1947-08-15,,PRECIPITACION,PTPM_TT_M,Precipitación total mensual,Mensual,1988-06-01,152.0,50,,900,211.18604,chirps-v2.0.1988.06.tif
47535,35020370,LAG DE UBAQUE  [35020370],4.5,-73.93333333,2200,Pluviométrica,EMPRESA DE ACUEDUCTO Y ALCANTARILLADO DE BOGOTA E.S.P,Area Operativa 11 - Cundinamarca-Amazonas,Cundinamarca,Ubaque,1970-01-15,,PRECIPITACION,PTPM_TT_M,Precipitación total mensual,Mensual,1988-06-01,178.5,50,,900,211.18604,chirps-v2.0.1988.06.tif
47823,35030160,LAGUNA CHINGAZA  [35030160],4.533333333,-73.75,3250,Pluviométrica,EMPRESA DE ACUEDUCTO Y ALCANTARILLADO DE BOGOTA E.S.P,Area Operativa 11 - Cundinamarca-Amazonas,Cundinamarca,Fómeque,1966-03-15,,PRECIPITACION,PTPM_TT_M,Precipitación total mensual,Mensual,1988-06-01,309.0,50,,900,284.85934,chirps-v2.0.1988.06.tif
48828,35030260,SAN LUIS  [35030260],4.483333333,-73.65,2959,Pluviométrica,EMPRESA DE ACUEDUCTO Y ALCANTARILLADO DE BOGOTA E.S.P,Area Operativa 11 - Cundinamarca-Amazonas,Cundinamarca,Fómeque,1990-08-15,,PRECIPITACION,PTPM_TT_M,Precipitación total mensual,Mensual,1988-06-01,0.0,50,,900,384.21503,chirps-v2.0.1988.06.tif
49329,35030140,CHUZA MONTERREDO  [35030140],4.616666667,-73.71666667,3100,Pluviométrica,EMPRESA DE ACUEDUCTO Y ALCANTARILLADO DE BOGOTA E.S.P,Area Operativa 11 - Cundinamarca-Amazonas,Cundinamarca,Fómeque,1966-11-15,,PRECIPITACION,PTPM_TT_M,Precipitación total mensual,Mensual,1988-06-01,283.0,50,,900,262.38544,chirps-v2.0.1988.06.tif
49626,35030120,CUCHILLA GOLILLAS  [35030120],4.566666667,-73.73333333,3350,Pluviométrica,EMPRESA DE ACUEDUCTO Y ALCANTARILLADO DE BOGOTA E.S.P,Area Operativa 11 - Cundinamarca-Amazonas,Cundinamarca,Fómeque,1969-08-15,,PRECIPITACION,PTPM_TT_M,Precipitación total mensual,Mensual,1988-06-01,137.7,50,,900,282.00415,chirps-v2.0.1988.06.tif
50173,35020380,LAGUNA MARRANOS  [35020380],4.65,-73.83333333,3090,Pluviométrica,EMPRESA DE ACUEDUCTO Y ALCANTARILLADO DE BOGOTA E.S.P,Area Operativa 11 - Cundinamarca-Amazonas,Cundinamarca,La Calera,1979-08-15,,PRECIPITACION,PTPM_TT_M,Precipitación total mensual,Mensual,1988-06-01,236.2,50,,900,205.6323,chirps-v2.0.1988.06.tif
50408,35030180,LAGUNA SECA  [35030180],4.666666667,-73.76666667,3620,Pluviométrica,EMPRESA DE ACUEDUCTO Y ALCANTARILLADO DE BOGOTA E.S.P,Area Operativa 11 - Cundinamarca-Amazonas,Cundinamarca,Fómeque,1987-04-15,,PRECIPITACION,PTPM_TT_M,Precipitación total mensual,Mensual,1988-06-01,441.5,50,,900,207.57191,chirps-v2.0.1988.06.tif
50841,35030170,PLAYA LA  [35030170],4.55,-73.76666667,3100,Pluviométrica,EMPRESA DE ACUEDUCTO Y ALCANTARILLADO DE BOGOTA E.S.P,Area Operativa 11 - Cundinamarca-Amazonas,Cundinamarca,Fómeque,1966-03-15,,PRECIPITACION,PTPM_TT_M,Precipitación total mensual,Mensual,1988-06-01,128.8,4,,900,253.85428,chirps-v2.0.1988.06.tif
51050,35030210,SAN JOSE  [35030210],4.533333333,-73.73333333,3200,Pluviométrica,EMPRESA DE ACUEDUCTO Y ALCANTARILLADO DE BOGOTA E.S.P,Area Operativa 11 - Cundinamarca-Amazonas,Cundinamarca,Fómeque,1987-06-15,,PRECIPITACION,PTPM_TT_M,Precipitación total mensual,Mensual,1988-06-01,332.6,50,,900,338.98883,chirps-v2.0.1988.06.tif
51988,23060320,FLORIDA LA  [23060320],5.083333333,-74.3,1400,Pluviométrica,FEDERACION NACIONAL DE CAFETEROS,Area Operativa 11 - Cundinamarca-Amazonas,Cundinamarca,Vergara,1988-01-15,,PRECIPITACION,PTPM_TT_M,Precipitación total mensual,Mensual,1988-06-01,188.0,50,,900,123.344185,chirps-v2.0.1988.06.tif
52287,21201710,REPRESA SISGA  [21201710],5.083333333,-73.73333333,2675,Pluviográfica,CORPORACION AUTONOMA REGIONAL DE CUNDINAMARCA,Area Operativa 11 - Cundinamarca-Amazonas,Cundinamarca,Chocontá,1966-07-15,,PRECIPITACION,PTPM_TT_M,Precipitación total mensual,Mensual,1988-06-01,95.4,50,,900,105.89523,chirps-v2.0.1988.06.tif
52931,21205390,REPRESA SISGA  [21205390],5.083333333,-73.73333333,2675,Climática Ordinaria,CORPORACION AUTONOMA REGIONAL DE CUNDINAMARCA,Area Operativa 11 - Cundinamarca-Amazonas,Cundinamarca,Chocontá,1939-11-15,,PRECIPITACION,PTPM_TT_M,Precipitación total mensual,Mensual,1988-06-01,95.4,50,,900,105.89523,chirps-v2.0.1988.06.tif
53616,21195030,TIBACUY GJA  [21195030],4.35,-74.41666667,1550,Climática Ordinaria,FEDERACION NACIONAL DE CAFETEROS,Area Operativa 11 - Cundinamarca-Amazonas,Cundinamarca,Tibacuy,1951-12-15,,PRECIPITACION,PTPM_TT_M,Precipitación total mensual,Mensual,1988-06-01,71.5,50,,900,66.4587,chirps-v2.0.1988.06.tif
54374,24010390,EL TRIANGULO  - AUT  [24010390],5.305305556,-73.61930556,2879,Pluviográfica,CORPORACION AUTONOMA REGIONAL DE CUNDINAMARCA,Area Operativa 11 - Cundinamarca-Amazonas,Cundinamarca,Lenguazaque,1963-01-15,,PRECIPITACION,PTPM_TT_M,Precipitación total mensual,Mensual,1988-06-01,92.7,50,,900,75.742714,chirps-v2.0.1988.06.tif
54720,24010530,HATO 2 EL  [24010530],5.266666667,-73.91666667,2974,Pluviométrica,CORPORACION AUTONOMA REGIONAL DE CUNDINAMARCA,Area Operativa 11 - Cundinamarca-Amazonas,Cundinamarca,Carmen De Carupa,1972-10-15,,PRECIPITACION,PTPM_TT_M,Precipitación total mensual,Mensual,1988-06-01,98.0,50,,900,92.551,chirps-v2.0.1988.06.tif
54888,24010540,HATO 3 EL  [24010540],5.25,-73.95,3398,Pluviométrica,CORPORACION AUTONOMA REGIONAL DE CUNDINAMARCA,Area Operativa 11 - Cundinamarca-Amazonas,Cundinamarca,Carmen De Carupa,1972-10-15,,PRECIPITACION,PTPM_TT_M,Precipitación total mensual,Mensual,1988-06-01,57.0,50,,900,98.36442,chirps-v2.0.1988.06.tif
55056,24010590,HATO 8 EL  [24010590],5.266666667,-73.9,2963,Pluviométrica,CORPORACION AUTONOMA REGIONAL DE CUNDINAMARCA,Area Operativa 11 - Cundinamarca-Amazonas,Cundinamarca,Carmen De Carupa,1972-10-15,,PRECIPITACION,PTPM_TT_M,Precipitación total mensual,Mensual,1988-06-01,88.0,50,,900,92.551,chirps-v2.0.1988.06.tif
55193,21190060,PINAR DEL RIO  [21190060],4.366666667,-74.35,1750,Pluviométrica,FEDERACION NACIONAL DE CAFETEROS,Area Operativa 11 - Cundinamarca-Amazonas,Cundinamarca,Silvania,1982-01-15,,PRECIPITACION,PTPM_TT_M,Precipitación total mensual,Mensual,1988-06-01,260.0,50,,900,98.175446,chirps-v2.0.1988.06.tif
55606,24010270,PINO EL  [24010270],5.25,-73.85,2575,Pluviográfica,CORPORACION AUTONOMA REGIONAL DE CUNDINAMARCA,Area Operativa 11 - Cundinamarca-Amazonas,Cundinamarca,Sutatausa,1960-03-15,,PRECIPITACION,PTPM_TT_M,Precipitación total mensual,Mensual,1988-06-01,77.7,4,,900,82.45543,chirps-v2.0.1988.06.tif
55918,21201720,SAN JORGE GJA  [21201720],4.516666667,-74.2,2890,Pluviográfica,CORPORACION AUTONOMA REGIONAL DE CUNDINAMARCA,Area Operativa 11 - Cundinamarca-Amazonas,Cundinamarca,Soacha,1960-04-15,,PRECIPITACION,PTPM_TT_M,Precipitación total mensual,Mensual,1988-06-01,44.3,50,,900,99.75879,chirps-v2.0.1988.06.tif
56532,21200510,SIBATE APOSTOLICA  [21200510],4.516666667,-74.25,2618,Pluviográfica,CORPORACION AUTONOMA REGIONAL DE CUNDINAMARCA,Area Operativa 11 - Cundinamarca-Amazonas,Cundinamarca,Sibaté,1956-05-15,,PRECIPITACION,PTPM_TT_M,Precipitación total mensual,Mensual,1988-06-01,125.4,50,,900,99.8283,chirps-v2.0.1988.06.tif
57078,24015210,SUTATAUSA  [24015210],5.25,-73.85,2700,Climática Ordinaria,CORPORACION AUTONOMA REGIONAL DE CUNDINAMARCA,Area Operativa 11 - Cundinamarca-Amazonas,Cundinamarca,Sutatausa,1965-04-15,,PRECIPITACION,PTPM_TT_M,Precipitación total mensual,Mensual,1988-06-01,61.0,50,,900,82.45543,chirps-v2.0.1988.06.tif
57605,21200750,BOJACA  [21200750],4.733333333,-74.33333333,2603,Pluviométrica,CORPORACION AUTONOMA REGIONAL DE CUNDINAMARCA,Area Operativa 11 - Cundinamarca-Amazonas,Cundinamarca,Bojacá,1960-03-15,,PRECIPITACION,PTPM_TT_M,Precipitación total mensual,Mensual,1988-06-01,60.0,50,,900,86.92398,chirps-v2.0.1988.06.tif
58108,21205400,CHECUA-NEMOCON  [21205400],5.116666667,-73.86666667,2580,Climática Principal,CORPORACION AUTONOMA REGIONAL DE CUNDINAMARCA,Area Operativa 11 - Cundinamarca-Amazonas,Cundinamarca,Nemocón,1953-04-15,,PRECIPITACION,PTPM_TT_M,Precipitación total mensual,Mensual,1988-06-01,65.1,50,,900,95.37139,chirps-v2.0.1988.06.tif
58603,21200600,GUARANI EL PENON  [21200600],4.433333333,-74.3,2800,Pluviográfica,CORPORACION AUTONOMA REGIONAL DE CUNDINAMARCA,Area Operativa 11 - Cundinamarca-Amazonas,Cundinamarca,Sibaté,1959-09-15,,PRECIPITACION,PTPM_TT_M,Precipitación total mensual,Mensual,1988-06-01,141.3,50,,900,113.376785,chirps-v2.0.1988.06.tif
58886,21201670,HOYO EL - ARRIBA  [21201670],5.15,-73.81666667,2780,Pluviográfica,CORPORACION AUTONOMA REGIONAL DE CUNDINAMARCA,Area Operativa 11 - Cundinamarca-Amazonas,Cundinamarca,Suesca,1985-12-15,,PRECIPITACION,PTPM_TT_M,Precipitación total mensual,Mensual,1988-06-01,73.7,50,,900,86.805954,chirps-v2.0.1988.06.tif
59016,21201340,PARQUE SOPO  [21201340],4.75,-74.01666667,2540,Pluviográfica,CORPORACION AUTONOMA REGIONAL DE CUNDINAMARCA,Area Operativa 11 - Cundinamarca-Amazonas,Cundinamarca,Sopó,1980-03-15,,PRECIPITACION,PTPM_TT_M,Precipitación total mensual,Mensual,1988-06-01,78.2,50,,900,84.995316,chirps-v2.0.1988.06.tif
59425,21205410,REPRESA DEL NEUSA  [21205410],5.15,-73.98333333,3100,Climática Principal,CORPORACION AUTONOMA REGIONAL DE CUNDINAMARCA,Area Operativa 11 - Cundinamarca-Amazonas,Cundinamarca,Cogua,1947-05-15,,PRECIPITACION,PTPM_TT_M,Precipitación total mensual,Mensual,1988-06-01,103.6,50,,900,100.23906,chirps-v2.0.1988.06.tif
59992,21200270,SAUCIO  [21200270],5.108833333,-73.70627778,2640,Pluviográfica,CORPORACION AUTONOMA REGIONAL DE CUNDINAMARCA,Area Operativa 11 - Cundinamarca-Amazonas,Cundinamarca,Chocontá,1947-06-15,,PRECIPITACION,PTPM_TT_M,Precipitación total mensual,Mensual,1988-06-01,85.0,4,,900,98.19479,chirps-v2.0.1988.06.tif
60295,21201360,STA INES  [21201360],4.816666667,-74.13333333,2550,Pluviométrica,CORPORACION AUTONOMA REGIONAL DE CUNDINAMARCA,Area Operativa 11 - Cundinamarca-Amazonas,Cundinamarca,Tenjo,1980-03-15,,PRECIPITACION,PTPM_TT_M,Precipitación total mensual,Mensual,1988-06-01,64.0,50,,900,72.74426,chirps-v2.0.1988.06.tif
60565,21206310,TISQUESUSA  [21206310],4.816666667,-74.31666667,2570,Climática Principal,CORPORACION AUTONOMA REGIONAL DE CUNDINAMARCA,Area Operativa 11 - Cundinamarca-Amazonas,Cundinamarca,Facatativá,1986-10-15,,PRECIPITACION,PTPM_TT_M,Precipitación total mensual,Mensual,1988-06-01,90.3,50,,900,111.28985,chirps-v2.0.1988.06.tif
60741,21201970,CASABLANCA  [21201970],4.566666667,-74.16666667,2665,Pluviométrica,EMPRESA DE ACUEDUCTO Y ALCANTARILLADO DE BOGOTA E.S.P,Area Operativa 11 - Cundinamarca-Amazonas,Bogota,"Bogota, D.C",1976-05-15,,PRECIPITACION,PTPM_TT_M,Precipitación total mensual,Mensual,1988-06-01,57.8,50,,900,93.36885,chirps-v2.0.1988.06.tif
61545,21200310,CERRO DE SUBA  [21200310],4.75,-74.06666667,2691,Pluviométrica,EMPRESA DE ACUEDUCTO Y ALCANTARILLADO DE BOGOTA E.S.P,Area Operativa 11 - Cundinamarca-Amazonas,Bogota,"Bogota, D.C",1947-09-15,,PRECIPITACION,PTPM_TT_M,Precipitación total mensual,Mensual,1988-06-01,60.0,50,,900,74.2408,chirps-v2.0.1988.06.tif
62710,21200130,DELIRIO  [21200130],4.55,-74.05,3000,Pluviométrica,EMPRESA DE ACUEDUCTO Y ALCANTARILLADO DE BOGOTA E.S.P,Area Operativa 11 - Cundinamarca-Amazonas,Bogota,"Bogota, D.C",1933-05-15,,PRECIPITACION,PTPM_TT_M,Precipitación total mensual,Mensual,1988-06-01,104.5,4,,900,86.23007,chirps-v2.0.1988.06.tif
64323,21200520,STA LUCIA  [21200520],4.566666667,-74.11666667,2630,Pluviométrica,EMPRESA DE ACUEDUCTO Y ALCANTARILLADO DE BOGOTA E.S.P,Area Operativa 11 - Cundinamarca-Amazonas,Bogota,"Bogota, D.C",1956-07-15,,PRECIPITACION,PTPM_TT_M,Precipitación total mensual,Mensual,1988-06-01,45.6,4,,900,90.63214,chirps-v2.0.1988.06.tif
65485,21205240,VITELMA  [21205240],4.566666667,-74.06666667,2682,Climática Ordinaria,EMPRESA DE ACUEDUCTO Y ALCANTARILLADO DE BOGOTA E.S.P,Area Operativa 11 - Cundinamarca-Amazonas,Bogota,"Bogota, D.C",1941-05-15,,PRECIPITACION,PTPM_TT_M,Precipitación total mensual,Mensual,1988-06-01,52.7,4,,900,86.23007,chirps-v2.0.1988.06.tif
